{"cameraMode":{"drawMode":0,"name":"Shaded","section":"Shading Mode"},"sceneLighting":false,"audioPlay":false,"sceneViewState":{"showFog":true,"showMaterialUpdate":false,"showSkybox":false,"showFlares":true,"showImageEffects":true,"showParticleSystems":true},"in2DMode":false,"pivot":{"x":70.66675567626953,"y":3.7459239959716799,"z":0.0},"rotation":{"x":-0.00010953778837574646,"y":-0.9993476271629334,"z":0.0029980691615492107,"w":-0.03599178418517113},"size":13.726696968078614,"orthographic":true}