{"cameraMode":{"drawMode":0,"name":"Shaded","section":"Shading Mode"},"sceneLighting":false,"audioPlay":false,"sceneViewState":{"showFog":true,"showMaterialUpdate":false,"showSkybox":false,"showFlares":true,"showImageEffects":true,"showParticleSystems":true},"in2DMode":false,"pivot":{"x":47.35335159301758,"y":3.5335679054260256,"z":0.0},"rotation":{"x":0.0028931861743330957,"y":0.9969705939292908,"z":0.04608311131596565,"w":-0.06259167194366455},"size":11.68543529510498,"orthographic":true}