{"cameraMode":{"drawMode":0,"name":"Shaded","section":"Shading Mode"},"sceneLighting":true,"audioPlay":false,"sceneViewState":{"showFog":true,"showMaterialUpdate":false,"showSkybox":true,"showFlares":true,"showImageEffects":true,"showParticleSystems":true},"in2DMode":false,"pivot":{"x":73.80000305175781,"y":-12.0,"z":4.070000171661377},"rotation":{"x":0.000052501331083476543,"y":-0.9998335838317871,"z":0.01799900084733963,"w":0.002999305259436369},"size":136.10243225097657,"orthographic":true}