{"cameraMode":{"drawMode":0,"name":"Shaded","section":"Shading Mode"},"sceneLighting":true,"audioPlay":false,"sceneViewState":{"showFog":true,"showMaterialUpdate":false,"showSkybox":true,"showFlares":true,"showImageEffects":true,"showParticleSystems":true},"in2DMode":false,"pivot":{"x":-0.023962080478668214,"y":0.19592487812042237,"z":-5.7205491065979},"rotation":{"x":0.04807664081454277,"y":-0.33211177587509158,"z":0.016952423378825189,"w":0.9418614506721497},"size":11.075291633605957,"orthographic":true}