{"cameraMode":{"drawMode":0,"name":"Shaded","section":"Shading Mode"},"sceneLighting":true,"audioPlay":false,"sceneViewState":{"showFog":true,"showMaterialUpdate":false,"showSkybox":true,"showFlares":true,"showImageEffects":true,"showParticleSystems":true},"in2DMode":false,"pivot":{"x":42.607765197753909,"y":3.7459239959716799,"z":0.0},"rotation":{"x":0.004829424433410168,"y":-0.9951152801513672,"z":0.07477396726608277,"w":0.06427382677793503},"size":84.30661010742188,"orthographic":true}