{"cameraMode":{"drawMode":0,"name":"Shaded","section":"Shading Mode"},"sceneLighting":true,"audioPlay":false,"sceneViewState":{"showFog":true,"showMaterialUpdate":false,"showSkybox":true,"showFlares":true,"showImageEffects":true,"showParticleSystems":true},"in2DMode":false,"pivot":{"x":70.66675567626953,"y":3.7459239959716799,"z":0.0},"rotation":{"x":0.00001825042454584036,"y":0.9998094439506531,"z":-0.019498774781823159,"w":0.0009070698288269341},"size":219.78919982910157,"orthographic":true}