{"cameraMode":{"drawMode":0,"name":"Shaded","section":"Shading Mode"},"sceneLighting":true,"audioPlay":false,"sceneViewState":{"showFog":true,"showMaterialUpdate":false,"showSkybox":true,"showFlares":true,"showImageEffects":true,"showParticleSystems":true},"in2DMode":false,"pivot":{"x":5.535163879394531,"y":-29.04217529296875,"z":22.04230499267578},"rotation":{"x":0.036034464836120608,"y":-0.9266111850738525,"z":0.09203559905290604,"w":0.3627985119819641},"size":85.9590835571289,"orthographic":true}